tradedate,ticker,open,close,high,low,volume,openinterest
2018-08-09,600519,671.0,691.88,694.5,670.12,3448575.0,0
2018-08-10,600519,691.88,687.18,694.77,684.2,2381767.0,0
2018-08-13,600519,683.0,679.22,683.0,666.68,3457041.0000000005,0
2018-08-14,600519,679.22,680.13,684.5,673.51,2169683.0,0
2018-08-15,600519,679.8,662.8,680.0,661.0000000000001,3499708.9999999995,0
2018-08-16,600519,651.9999999999999,648.4400000000002,668.5,640.0,5993985.0,0
2018-08-17,600519,657.5,634.86,657.5,630.01,4657457.0,0
2018-08-20,600519,632.45,644.79,645.55,616.86,4885234.0,0
2018-08-21,600519,647.0,671.49,672.3000000000001,647.0,5224902.0,0
2018-08-22,600519,671.0,667.7,673.2,663.0000000000001,2067551.0,0
2018-08-23,600519,671.7,670.21,678.5,665.18,2735727.0,0
2018-08-24,600519,669.0,660.2999999999998,669.0,656.46,2609026.0,0
2018-08-27,600519,662.0000000000001,687.3,687.3,662.0000000000001,4801692.0,0
2018-08-28,600519,693.0,681.0,693.78,678.55,3248890.0,0
2018-08-29,600519,682.0,685.85,688.88,679.1,2740403.0,0
2018-08-30,600519,688.21,680.4,692.6000000000001,679.01,3378833.0,0
2018-08-31,600519,676.25,659.19,677.0,656.5,5898093.0,0
2018-09-03,600519,651.9999999999999,666.21,667.6700000000001,650.8,3017984.0,0
2018-09-04,600519,666.8,675.04,676.0,661.6,2154048.0,0
2018-09-05,600519,675.0,657.79,676.99,656.9999999999999,2898342.0,0
2018-09-06,600519,651.9999999999999,644.0,659.2599999999999,640.0,4237058.0,0
2018-09-07,600519,645.5,650.97,658.03,645.14,2924006.0,0
2018-09-10,600519,652.2,644.8,653.81,640.7,2120220.0,0
2018-09-11,600519,645.57,646.0,650.97,640.63,1949687.0,0
2018-09-12,600519,643.0,630.0,644.87,628.01,4115737.0000000005,0
2018-09-13,600519,638.0,631.98,642.0,620.0,4771316.0,0
2018-09-14,600519,633.98,642.9,649.78,628.53,4090019.0,0
2018-09-17,600519,645.0,645.81,652.9600000000002,641.06,2911295.0,0
2018-09-18,600519,643.0,666.7,668.0,642.22,3785868.0,0
2018-09-19,600519,666.58,681.42,686.0,666.0,4822184.0,0
2018-09-20,600519,685.2,678.55,686.9,677.36,2751948.0,0
2018-09-21,600519,682.0,700.0100000000001,700.0100000000001,680.01,4261720.0,0
2018-09-25,600519,695.0,697.02,705.77,693.26,3063991.0,0
2018-09-26,600519,702.1,724.93,732.68,701.99,7228777.0,0
2018-09-27,600519,727.4999999999999,724.0,728.0,715.4,4050853.0,0
2018-09-28,600519,726.7,730.0,733.2,718.88,3508980.0000000005,0
2018-10-08,600519,715.41,686.15,719.0,686.15,8274502.0,0
2018-10-09,600519,686.9,695.0,698.71,685.9,4022283.0,0
2018-10-10,600519,697.26,670.92,698.0,669.69,6309820.0,0
2018-10-11,600519,635.01,644.99,668.94,635.01,9158196.0,0
2018-10-12,600519,651.0,668.0,672.68,650.58,5447256.0,0
2018-10-15,600519,669.49,666.9,671.95,660.03,3560730.0000000005,0
2018-10-16,600519,665.98,667.14,679.53,662.01,2639360.0,0
2018-10-17,600519,675.0,665.72,677.3,649.9,4307707.0,0
2018-10-18,600519,660.0000000000001,645.94,660.0000000000001,644.97,5215607.0,0
2018-10-19,600519,638.0,670.0,675.0,635.08,7619938.0,0
2018-10-22,600519,675.0,693.0,702.02,675.0,7310857.000000001,0
2018-10-23,600519,689.0,641.74,689.0,635.0,12311273.0,0
2018-10-24,600519,628.11,636.99,650.0,620.0,7611282.000000001,0
2018-10-25,600519,620.0,619.0,622.5,608.5799999999999,7556838.0,0
2018-10-26,600519,619.0,610.0999999999999,625.0,607.98,5532738.0,0
2018-10-29,600519,549.09,549.09,549.09,549.09,4907600.0,0
2018-10-30,600519,510.0,524.0,543.0,509.02,20439667.0,0
2018-10-31,600519,527.0,548.9,555.0,522.0,9688482.0,0
2018-11-01,600519,555.0,563.0,585.5000000000001,551.25,9810672.0,0
2018-11-02,600519,585.0,599.9,600.0,572.24,8915696.0,0
2018-11-05,600519,593.0,575.8,593.0,571.77,7551708.0,0
2018-11-06,600519,574.0,566.0,574.16,558.01,4556614.0,0
2018-11-07,600519,569.0,566.4,574.95,562.01,3810778.0,0
2018-11-08,600519,574.0,570.34,577.0,568.0,3376374.0,0
2018-11-09,600519,567.22,562.0,569.0,562.0,2433682.0,0
2018-11-12,600519,553.0,552.0,554.2,536.8,6782422.0,0
2018-11-13,600519,546.12,570.0,570.0,543.0,6642905.0,0
2018-11-14,600519,569.96,555.1,569.96,552.55,4176683.0,0
2018-11-15,600519,558.8,559.7,564.8,555.5,3083340.0,0
2018-11-16,600519,561.0,560.0,566.0,558.03,2893879.0,0
2018-11-19,600519,560.3,569.02,572.0,559.11,3617925.0,0
2018-11-20,600519,565.0,561.6,568.0,560.0,2694326.0,0
2018-11-21,600519,554.0,564.7,568.9,553.68,2710730.0,0
2018-11-22,600519,565.15,564.5,567.33,558.0,2121333.0,0
2018-11-23,600519,564.0,556.9,567.3,556.9,2012621.0,0
2018-11-26,600519,558.0,552.11,560.2,552.0,1912019.0,0
2018-11-27,600519,552.0,548.1,554.99,546.5,2023382.0,0
2018-11-28,600519,550.85,557.0,559.19,545.5,2773793.0,0
2018-11-29,600519,566.03,551.6,569.8,549.01,4506945.0,0
2018-11-30,600519,557.0,565.0,568.89,553.0,4901046.0,0
2018-12-03,600519,589.0,601.2,605.0,584.77,8341467.999999999,0
2018-12-04,600519,602.99,602.23,604.26,595.0,3147388.0,0
2018-12-05,600519,597.5,610.0999999999999,616.5,595.0,4158819.0,0
2018-12-06,600519,600.0,591.7999999999998,605.98,590.36,3775807.0,0
2018-12-07,600519,595.6,587.0,598.86,584.7,2684167.0,0
2018-12-10,600519,576.0,577.23,587.5000000000001,574.18,2464068.0,0
2018-12-11,600519,577.0,582.99,586.55,577.0,1631660.0,0
2018-12-12,600519,588.79,589.0,589.2,582.8,1992154.0,0
2018-12-13,600519,590.0,601.75,606.88,589.6,4039941.0000000005,0
2018-12-14,600519,598.01,592.96,599.8000000000001,592.0,2455448.0,0
2018-12-17,600519,592.57,590.52,595.97,585.01,2489585.0,0
2018-12-18,600519,585.88,590.94,591.5399999999998,585.0,1922218.0,0
2018-12-19,600519,589.0,577.8,590.99,576.03,2571596.0,0
2018-12-20,600519,576.22,574.5,581.4999999999999,568.89,2694098.0,0
2018-12-21,600519,571.0,567.41,573.45,562.21,3064043.0,0
2018-12-24,600519,563.5,568.0,570.91,558.0,1910986.0,0
2018-12-25,600519,562.22,565.79,567.5,553.61,2659286.0,0
2018-12-26,600519,563.81,560.08,568.4,558.0,1786620.0,0
2018-12-27,600519,570.0,563.0,571.85,562.22,2949357.0,0
2018-12-28,600519,563.3,590.01,596.4,560.0,6367837.0,0
2019-01-02,600519,609.98,598.98,612.0,595.01,6228649.0,0
2019-01-03,600519,599.97,590.0,601.66,585.8,3097735.0,0
2019-01-04,600519,587.2799999999999,602.0,607.67,582.0199999999999,3768347.0,0
2019-01-07,600519,608.0,605.49,612.0,602.22,3475012.9999999995,0
2019-01-08,600519,605.5,604.79,612.0,600.28,2883813.0,0
2019-01-09,600519,609.99,616.12,626.16,609.04,4989227.0,0
2019-01-10,600519,617.13,618.7699999999999,624.8800000000001,610.25,2904390.0,0
2019-01-11,600519,625.0,635.88,637.0,618.75,3888421.0,0
2019-01-14,600519,633.0,624.6,635.89,621.55,2564890.0,0
2019-01-15,600519,627.86,659.98,661.5,625.0,5576485.0,0
2019-01-16,600519,657.9999999999999,661.1,665.65,653.6,4208364.0,0
2019-01-17,600519,663.0000000000001,659.25,669.7,655.8,3028476.0,0
2019-01-18,600519,665.0000000000001,683.61,690.2,661.5,6860917.999999999,0
2019-01-21,600519,690.0,686.98,698.88,681.88,4705193.0,0
2019-01-22,600519,686.0,671.0,686.0,665.22,4212221.0,0
2019-01-23,600519,667.22,665.66,674.5,663.13,3362481.0,0
2019-01-24,600519,670.3000000000001,672.5,677.83,664.68,2915527.0,0
2019-01-25,600519,675.88,679.7,684.9,669.9300000000001,2898635.0,0
2019-01-28,600519,684.0,677.0,693.98,676.03,3610287.0000000005,0
2019-01-29,600519,677.5,685.0,688.0,668.0,3034259.0,0
2019-01-30,600519,684.99,676.0,686.22,676.0,2269996.0,0
2019-01-31,600519,680.0,689.5999999999999,689.5999999999999,677.56,3669657.0,0
2019-02-01,600519,697.04,692.67,699.0,689.61,3052062.0,0
2019-02-11,600519,695.0,725.3,729.4999999999999,688.18,5814075.0,0
2019-02-12,600519,723.0,717.92,725.49,715.2,3509143.0,0
2019-02-13,600519,723.0,735.25,736.16,717.22,3567706.0,0
2019-02-14,600519,731.2,737.16,743.66,730.14,3225813.0,0
2019-02-15,600519,734.88,724.78,734.88,723.02,2323798.0,0
2019-02-18,600519,731.0,740.0,744.95,731.0,3774589.0,0
2019-02-19,600519,740.96,730.7599999999999,742.5,726.66,2950150.0,0
2019-02-20,600519,735.0,722.0,735.0,716.06,3788237.0000000005,0
2019-02-21,600519,720.0,720.25,730.48,717.0,2985040.0,0
2019-02-22,600519,717.0,726.01,728.49,714.1,2590877.0,0
2019-02-25,600519,730.75,742.33,744.44,717.99,8262259.0,0
2019-02-26,600519,747.8,727.3500000000001,749.18,726.0,5796466.0,0
2019-02-27,600519,733.0,740.7,758.02,731.0,6594227.0,0
2019-02-28,600519,737.9,755.01,763.42,736.95,5698625.0,0
2019-03-01,600519,761.5,789.3,790.0,761.0,6384023.0,0
2019-03-04,600519,795.0,781.86,798.3300000000002,777.22,8458596.0,0
2019-03-05,600519,785.0,779.78,789.55,775.8800000000001,4483056.0,0
2019-03-06,600519,775.0,768.0,779.5,765.8799999999999,4673137.0,0
2019-03-07,600519,762.22,748.6,762.22,745.56,6018053.0,0
2019-03-08,600519,737.9,737.5000000000001,746.83,733.6499999999999,5227525.0,0
2019-03-11,600519,740.04,758.54,766.95,740.04,5305724.0,0
2019-03-12,600519,763.82,745.01,763.83,739.0,5251001.0,0
2019-03-13,600519,745.5,754.0,760.75,745.5,4056136.0,0
2019-03-14,600519,757.0,778.0,785.0,754.0,6217256.0,0
2019-03-15,600519,776.0,777.3,787.5,764.85,5240071.0,0
2019-03-18,600519,778.8,810.09,814.53,777.0,8131880.0,0
2019-03-19,600519,802.9999999999999,792.61,807.92,792.3,4063493.0,0
2019-03-20,600519,790.0,792.8,802.3,785.0,3111752.0,0
2019-03-21,600519,788.0,785.75,792.8,781.5,3257328.0,0
2019-03-22,600519,788.22,794.0,799.98,785.0,3051750.0,0
2019-03-25,600519,786.0,775.6,788.0,773.3,3727046.0,0
2019-03-26,600519,780.0,773.0,785.94,764.1000000000001,3759569.0,0
2019-03-27,600519,781.0,788.5,793.88,775.0,4280739.0,0
2019-03-28,600519,793.43,806.8,814.48,785.68,5756676.0,0
2019-03-29,600519,835.0,853.99,866.68,830.17,9093396.0,0
2019-04-01,600519,860.0,859.0,868.95,851.0,6093461.0,0
2019-04-02,600519,859.99,850.0,859.99,836.06,5322705.0,0
2019-04-03,600519,840.1199999999999,844.5,851.74,834.21,4305680.0,0
2019-04-04,600519,840.0,865.0,865.8,836.2,5577236.0,0
2019-04-08,600519,900.0,900.2,908.0,890.12,6625192.999999999,0
2019-04-09,600519,903.0,905.0,908.2,892.51,4798980.0,0
2019-04-10,600519,903.0,947.99,951.9,900.0,6781438.0,0
2019-04-11,600519,947.9999999999999,925.2,949.9999999999999,905.55,6110254.0,0
2019-04-12,600519,909.0,914.0,919.99,900.01,4861217.0,0
2019-04-15,600519,931.0,907.0,939.0,907.0,4552264.0,0
2019-04-16,600519,904.9,939.9,939.9,901.22,4642344.0,0
2019-04-17,600519,938.0,952.0000000000001,955.51,925.0,4076102.0,0
2019-04-18,600519,945.41,945.5,954.68,936.22,1959852.0,0
2019-04-19,600519,943.9600000000002,952.56,960.95,931.31,3237978.0,0
2019-04-22,600519,959.5,949.2,978.89,940.61,4062796.0,0
2019-04-23,600519,951.0000000000001,974.95,981.22,949.2,4885205.0,0
2019-04-24,600519,979.88,970.0,990.0,951.2200000000001,4522700.0,0
2019-04-25,600519,968.79,952.3700000000001,973.99,951.2200000000001,3980134.0,0
2019-04-26,600519,946.3,944.9999999999999,959.88,944.9999999999999,4327768.0,0
2019-04-29,600519,944.9999999999999,971.97,989.0,935.0,5257230.0,0
2019-04-30,600519,968.0,974.0,984.96,963.11,3594318.0,0
2019-05-06,600519,925.5,906.0,935.0,893.0,13509968.0,0
2019-05-07,600519,893.28,890.0,913.94,870.22,10083726.0,0
2019-05-08,600519,860.0,884.4,901.8,860.0,8188298.0,0
2019-05-09,600519,875.0,858.81,879.8700000000001,842.5,9154515.0,0
2019-05-10,600519,875.66,907.12,910.78,868.19,7990738.0,0
2019-05-13,600519,898.86,892.0,910.98,884.0,4663718.0,0
2019-05-14,600519,885.0,886.57,906.0,873.0,5998312.0,0
2019-05-15,600519,890.24,927.0,933.0,890.24,6312425.0,0
2019-05-16,600519,919.0,929.91,932.0,905.0,4454012.0,0
2019-05-17,600519,927.02,906.79,932.3,900.1,4984161.0,0
2019-05-20,600519,900.0,884.96,900.0,871.0,4440799.0,0
2019-05-21,600519,885.0,895.0,910.0,872.02,4238565.0,0
2019-05-22,600519,894.98,888.0,904.0,880.0,3204158.0,0
2019-05-23,600519,881.0,861.0,883.98,856.22,5805863.0,0
2019-05-24,600519,865.0,878.5000000000001,885.0,864.44,4403409.0,0
2019-05-27,600519,879.1,879.0,882.99,860.05,3916191.0000000005,0
2019-05-28,600519,877.99,888.0,907.49,875.0199999999999,7477277.0,0
2019-05-29,600519,888.01,911.91,924.95,888.01,6564696.000000001,0
2019-05-30,600519,910.0,905.3,919.99,891.22,4024720.0,0
2019-05-31,600519,900.53,890.0,906.9899999999999,890.0,3579380.0000000005,0
2019-06-03,600519,892.0,892.0,901.35,886.2800000000001,3447924.0,0
2019-06-04,600519,895.0,875.3,895.43,871.0,3968948.0000000005,0
2019-06-05,600519,884.0,871.6,886.26,870.0,3406736.0,0
2019-06-06,600519,875.62,862.13,875.77,858.0,3478685.0,0
2019-06-10,600519,857.98,871.08,878.95,840.0,5550246.0,0
2019-06-11,600519,876.0,910.89,915.61,875.0,8010644.0,0
2019-06-12,600519,906.22,906.7,910.9899999999999,894.0,3774740.0,0
2019-06-13,600519,910.0,910.0,912.3,897.0,3291742.0,0
2019-06-14,600519,911.0,913.0,932.3,910.02,4245504.0,0
2019-06-17,600519,907.0,911.6,926.94,906.02,3276903.0,0
2019-06-18,600519,917.0,917.0,920.0,902.6,2944138.0,0
2019-06-19,600519,940.0,932.01,946.7000000000002,932.01,5372640.0,0
2019-06-20,600519,932.5,975.0,975.5,932.2,6727197.0,0
2019-06-21,600519,969.97,976.3,984.4899999999999,964.5,4592675.0,0
2019-06-24,600519,978.3,987.1,999.69,975.0,4577920.0,0
2019-06-25,600519,992.0,982.98,999.0,967.0,5129595.0,0
2019-06-26,600519,985.0,979.8599999999999,985.0,971.22,2958818.0,0
2019-06-27,600519,985.0,996.35,1001.0,981.1199999999999,4797845.0,0
2019-06-28,600519,1000.5919160586446,998.572445361217,1003.5247152121954,985.7148103177957,3108840.0,0
2019-07-01,600519,1019.3963341608228,1047.1412230390501,1050.9366101789392,1015.0326537593461,5233723.0,0
2019-07-02,600519,1040.179630584601,1040.179630584601,1044.7462728652163,1031.0463460233705,3906109.0,0
2019-07-03,600519,1035.1055836061396,1002.5302020044169,1038.1500117932164,996.0354218719863,6713932.000000001,0
2019-07-04,600519,1000.3991022734631,995.7309790532787,1005.4731492519245,985.6031812842695,4621668.0,0
2019-07-05,600519,1000.6020641526017,1014.6267300010692,1020.8982520664475,990.7584130143863,5003271.0,0
2019-07-08,600519,1009.7860891836168,999.4451814415123,1012.6782959613399,989.4391607999864,3361351.9999999995,0
2019-07-09,600519,993.8028412014633,990.5148587594201,1003.6464923396785,982.6906783186326,3172332.0,0
2019-07-10,600519,995.4569805164416,997.0705274555924,1005.2498911848724,991.4687795913709,2816670.0,0
2019-07-11,600519,1004.6207093595431,996.0354218719863,1013.1654044712722,990.4539701956787,3051419.0,0
2019-07-12,600519,995.8324599928478,1000.693396998214,1006.1835158289092,994.5233558724047,2817385.0,0
2019-07-15,600519,982.1325331510018,990.3829335379802,994.6146887180171,965.2156605248114,5987040.0,0
2019-07-16,600519,989.895825028048,982.3354950301404,996.8472693885401,979.2910668430634,3324524.0,0
2019-07-17,600519,982.3354950301404,977.768852749525,987.3993939146449,976.3785638774266,2546887.0,0
2019-07-18,600519,975.7392339581404,961.5319024184482,977.2614480516788,961.2071634118267,3925295.0,0
2019-07-19,600519,969.1429728861405,970.0258570603928,975.0288673811558,962.0393071162945,2801481.0,0
2019-07-22,600519,974.217019864602,971.1928878654388,978.2762574473712,964.3226282566021,2812549.0,0
2019-07-23,600519,976.5510814746942,968.1078673025344,976.845376199445,957.8379962181284,3248395.0,0
2019-07-24,600519,972.5019919858819,960.3750197073591,974.1155389250326,958.6802880165529,4677120.0,0
2019-07-25,600519,959.9792440430391,977.2614480516788,977.626779434128,952.0434345687254,3825570.0,0
2019-07-26,600519,976.2161943741158,979.3215111249342,985.3799232172172,972.7455462408482,2646759.0,0
2019-07-29,600519,976.2770829378572,990.8700420479124,994.0058030806017,974.2271679585589,2698133.0,0
2019-07-30,600519,990.9613748935249,993.427361725057,997.5576359655248,985.3799232172172,1953797.0,0
2019-07-31,600519,989.4391607999864,987.0036182503248,996.3094204088231,980.9046137822141,2252620.0,0
2019-08-01,600519,990.9715229874816,973.5066532876174,991.4687795913709,967.1336502826697,3508951.9999999995,0
2019-08-02,600519,957.9800695335252,968.5848277185097,972.1671048853035,956.965260137833,3971940.0,0
2019-08-05,600519,958.9948789292176,956.3868187822883,968.1281634904482,953.9208319507561,3677431.0,0
2019-08-06,600519,944.7875473895255,960.3141311436175,962.0393071162945,937.4809197405409,4399116.0,0
2019-08-07,600519,963.5615212098329,958.9948789292176,969.6808218658574,958.9948789292176,2686998.0,0
2019-08-08,600519,967.620758792602,986.0699936062879,988.424351404294,966.0985446990636,3880813.0,0
2019-08-09,600519,992.9909936849093,976.2770829378572,995.4772767043555,973.1920623749528,2846170.0,0
2019-08-12,600519,1025.2720805618812,1033.715294734041,1035.2070645457088,1009.7454968077892,8149895.0,0
2019-08-13,600519,1031.208715526681,1033.0252243449704,1041.1944399802933,1025.6475600382873,3032970.0,0
2019-08-14,600519,1045.2739737509762,1058.7810868076408,1067.4780033287238,1045.2739737509762,4141095.0,0
2019-08-15,600519,1043.2240587716778,1060.3743375588779,1061.9777364040715,1043.2240587716778,2723739.0,0
2019-08-16,600519,1065.3874959735974,1070.2179886970928,1091.5086898187174,1056.4165809156777,3608673.0000000005,0
2019-08-19,600519,1076.7127688295236,1071.5169447235792,1085.8257572028404,1064.5857965510006,3286758.0,0
2019-08-20,600519,1070.62391245537,1085.8460533907544,1089.580551966902,1065.5498654769083,2860213.0,0
2019-08-21,600519,1085.9475343303234,1081.786815807985,1092.9192748787295,1077.3825430306806,2506662.0,0
2019-08-22,600519,1088.8803334838742,1120.3495728442922,1120.3495728442922,1085.8460533907544,3759078.0,0
2019-08-23,600519,1121.3643822399845,1146.836098071861,1150.3473385809564,1111.8454701083906,4019230.0000000005,0
2019-08-26,600519,1129.482857405523,1119.2840229788153,1144.7049983409074,1112.9211680678247,4849789.0,0
2019-08-27,600519,1133.542094988292,1125.4236198227538,1148.0640174406487,1125.4236198227538,5216421.0,0
2019-08-28,600519,1125.4236198227538,1116.401964295049,1139.8237651476275,1099.048723628711,4700967.0,0
2019-08-29,600519,1121.3643822399845,1129.584338345092,1134.739570075209,1108.679264793831,2933042.0,0
2019-08-30,600519,1141.6605701538303,1158.9123298805994,1162.9715674633687,1139.6309513624458,4489077.0,0
2019-09-02,600519,1156.8725629952578,1155.6243474385565,1161.9364618797624,1145.7198077365995,2823433.0,0
2019-09-03,600519,1156.8827110892148,1156.8827110892148,1168.065910629744,1145.273291602495,2948509.0,0
2019-09-04,600519,1157.6945586057684,1141.6707182477874,1159.8358064306797,1136.698152208895,3360022.0,0
2019-09-05,600519,1145.7198077365995,1160.941948671984,1161.8552771281072,1144.7049983409074,3293083.9999999995,0
2019-09-06,600519,1161.4493533698303,1159.4095864844887,1163.1237888727226,1147.7494265279843,2617659.0,0
2019-09-09,600519,1161.9567580676762,1153.3511743922056,1165.001186254753,1151.8086641107534,2937934.0,0
2019-09-10,600519,1151.0982975337688,1140.4935393487842,1151.8086641107534,1136.5966712693257,2622707.0,0
2019-09-11,600519,1135.7949718467291,1085.358944880822,1136.5560788934981,1083.8164345993698,8171653.999999999,0
2019-09-12,600519,1081.786815807985,1115.2755258658308,1126.4181330305323,1081.786815807985,4121133.0,0
2019-09-16,600519,1099.038575534754,1115.2755258658308,1120.2988323745076,1099.038575534754,3137180.0,0
2019-09-17,600519,1110.2014788873694,1110.2116269813262,1123.0489658368338,1103.0978131175234,2519693.0,0
2019-09-18,600519,1124.9162151249075,1165.9145147108763,1167.0308050461379,1124.5914761182862,6931447.0,0
2019-09-19,600519,1165.001186254753,1161.9567580676762,1167.0308050461379,1153.939763841707,2447980.0,0
2019-09-20,600519,1168.04561444183,1174.5606907621748,1177.1788990030607,1164.5851144025194,3762666.0000000005,0
2019-09-23,600519,1174.1344708159838,1166.0159956504456,1174.1344708159838,1147.7494265279843,3002633.0,0
2019-09-24,600519,1172.1048520245993,1201.534324499676,1202.447652955799,1169.0604238375224,3626913.0,0
2019-09-25,600519,1197.4750869169065,1191.3862305427529,1206.4764462566973,1187.8343976578296,2402458.0,0
2019-09-26,600519,1192.3401513747035,1184.2825647729067,1200.8746983924757,1175.9712758221867,2608194.0,0
2019-09-27,600519,1181.2381365858298,1192.147337589522,1200.5195151039834,1170.0752332332147,2282661.0,0
2019-09-30,600519,1180.2233271901375,1167.0308050461379,1186.748551604439,1167.0308050461379,3082514.0,0
2019-10-08,600519,1170.0752332332147,1184.384045712476,1197.4750869169065,1169.0705719314792,3104527.0,0
2019-10-09,600519,1183.4707172563528,1163.7935630738793,1183.4707172563528,1151.859404580538,3578857.0,0
2019-10-10,600519,1143.6901889452151,1172.1048520245993,1176.09305294967,1125.4439160106676,4117370.0,0
2019-10-11,600519,1174.1344708159838,1191.9951161801682,1192.4010399384451,1169.2735338106177,2868925.0,0
2019-10-14,600519,1203.5639432910602,1197.4750869169065,1205.2485268879097,1187.3269929599835,2718751.0,0
2019-10-15,600519,1197.4750869169065,1228.9341781833677,1233.6834861552077,1194.4611030117005,4003473.0000000005,0
2019-10-16,600519,1185.2973741685992,1187.3269929599835,1205.0861573845987,1177.1788990030607,5915059.0,0
2019-10-17,600519,1193.4158493341374,1200.8544022045617,1204.2337174922172,1179.7159224922914,3050870.0,0
2019-10-18,600519,1196.4602775212143,1193.202739361042,1207.6130327798726,1189.0420208387038,2829161.0,0
2019-10-21,600519,1189.2145384359712,1185.804778866445,1196.3587965816453,1180.5277700088452,2527467.0,0
2019-10-22,600519,1195.445468125522,1188.1388404765376,1198.997301010445,1181.1265075523038,1930943.0,0
2019-10-23,600519,1185.2973741685992,1176.0727567617562,1195.445468125522,1173.2312904538176,2308021.0,0
2019-10-24,600519,1182.2022055117377,1167.3048035829747,1183.2677553772144,1164.1487463623716,2617844.0,0
2019-10-25,600519,1170.3796760519224,1188.696985644168,1189.8640164492144,1159.9575835581625,2599845.0,0
2019-10-28,600519,1183.2779034711714,1195.7397628502729,1198.5000444065558,1182.2529459815223,2248599.0,0
2019-10-29,600519,1198.6015253461248,1210.6676090609064,1217.7306824549248,1195.212061964513,2780371.0,0
2019-10-30,600519,1207.6231808738296,1201.3313626205372,1210.3631662421988,1193.4158493341374,2125475.0,0
2019-10-31,600519,1213.7120372479833,1197.4852350108633,1215.7416560393679,1193.5680707434913,2590927.0,0
2019-11-01,600519,1198.489896312599,1202.549133895368,1209.6020591954295,1189.8640164492144,2281196.0,0
2019-11-04,600519,1207.6231808738296,1217.3552029785185,1227.9092206937185,1206.608371478137,2673798.0,0
2019-11-05,600519,1217.2638701329063,1216.7564654350601,1222.8453218092138,1209.6527996652142,2225472.0,0
2019-11-06,600519,1214.7268466436753,1210.6676090609064,1221.8305124135215,1206.4865943506543,1973751.0,0
2019-11-07,600519,1214.2295900397864,1219.1615637028508,1219.6791164946542,1206.608371478137,1616788.0,0
2019-11-08,600519,1222.8453218092138,1222.8453218092138,1233.6530418733369,1219.3036370182479,2451211.0,0
2019-11-11,600519,1219.293488924291,1216.7564654350601,1224.0630930840448,1211.1851618527096,1734246.0,0
2019-11-12,600519,1221.8305124135215,1219.39496986386,1227.5134450293986,1215.954766012463,1915055.0,0
2019-11-13,600519,1224.8749406005984,1242.1267003273674,1245.9829760309983,1217.7712748307526,3197704.0,0
2019-11-14,600519,1245.1711285144445,1248.2155567015213,1258.3636506584442,1240.097081535983,2352112.0,0
2019-11-15,600519,1248.2155567015213,1243.0400287834907,1251.168652042986,1239.5896768381367,1634072.0,0
2019-11-18,600519,1243.2632868505427,1245.4552751452384,1247.6574115338906,1236.0378439532137,1803766.0,0
2019-11-19,600519,1246.1859379101368,1250.5699144995272,1259.9974937855088,1243.1618059109735,2062375.0,0
2019-11-20,600519,1248.2155567015213,1252.0210919353674,1257.866394054555,1246.2468264738782,1528053.0,0
2019-11-21,600519,1249.2303660972136,1249.534808915921,1253.8071564717857,1239.1431607040322,1918739.0,0
2019-11-22,600519,1241.1118909316751,1211.6824184565985,1247.2007473058288,1202.549133895368,4705428.0,0
2019-11-25,600519,1205.6443025522294,1199.5655942720325,1211.6824184565985,1189.41750031511,3828175.0,0
2019-11-26,600519,1204.2540136801313,1202.549133895368,1216.3505416767832,1200.5195151039834,4023961.0,0
2019-11-27,600519,1210.464647181768,1207.572440404045,1214.3412190733122,1202.0518772914788,1984881.0,0
2019-11-28,600519,1212.6667835704202,1193.2128874549987,1215.2443994354785,1186.3324797522052,2884499.0,0
2019-11-29,600519,1182.7603506793682,1145.7198077365995,1182.7603506793682,1129.371228371997,8239732.000000001,0
2019-12-02,600519,1134.7598662631228,1149.7790453193688,1156.9030072771286,1134.7598662631228,3078441.0,0
2019-12-03,600519,1149.7790453193688,1134.5569043839844,1149.7790453193688,1134.2930539411043,2734093.0,0
2019-12-04,600519,1156.8827110892148,1138.951029067332,1161.611722873141,1134.5569043839844,3528308.0,0
2019-12-05,600519,1141.6605701538303,1146.5316552531533,1148.7743840176336,1134.5569043839844,2133879.0,0
2019-12-06,600519,1152.7930292245749,1187.3269929599835,1187.3269929599835,1146.836098071861,3950626.0,0
2019-12-09,600519,1192.4010399384451,1175.8596467886607,1193.4158493341374,1173.2211423598606,2182412.0,0
2019-12-10,600519,1176.7729752447835,1181.644060344107,1182.2529459815223,1168.04561444183,1508658.0,0
2019-12-11,600519,1185.2973741685992,1176.1437934194546,1188.0881000067527,1172.66299719223,1456799.0,0
2019-12-12,600519,1173.1196614202915,1153.838282902138,1177.118010439319,1146.8158018839472,2940916.0,0
2019-12-13,600519,1162.9715674633687,1180.2233271901375,1182.2529459815223,1162.9715674633687,3000059.0,0
2019-12-16,600519,1180.2233271901375,1164.9200015030979,1180.2233271901375,1154.7922037340886,3093642.0,0
2019-12-17,600519,1166.7263622274302,1187.3066967720697,1190.9803067844757,1159.9575835581625,4261696.0,0
2019-12-18,600519,1191.3862305427529,1185.2973741685992,1192.6040018175838,1181.2381365858298,1964009.0,0
2019-12-19,600519,1180.2233271901375,1174.5403945742607,1180.2233271901375,1169.0604238375224,1955230.0,0
2019-12-20,600519,1179.39118348567,1163.2760102820762,1179.39118348567,1158.4049251827532,2356384.0,0
2019-12-23,600519,1155.8679016935225,1166.320438469153,1179.7159224922914,1152.8234735064457,2591918.0,0
2019-12-24,600519,1170.0752332332147,1165.001186254753,1172.1048520245993,1161.9567580676762,1182310.0,0
2019-12-25,600519,1159.9271392762917,1150.4894118963534,1159.9271392762917,1146.7447652262488,2430597.0,0
2019-12-26,600519,1148.7642359236763,1151.9101450503226,1158.8920336926856,1136.5763750814122,2287727.0,0
2019-12-27,600519,1167.0308050461379,1180.2233271901375,1189.356611751368,1167.0308050461379,4706628.0,0
2019-12-30,600519,1187.5299548391222,1203.3609814119218,1213.204632550137,1187.5299548391222,4076066.0000000005,0
2019-12-31,600519,1200.5195151039834,1200.5195151039834,1205.5935620824448,1193.9334021259406,2258881.0,0
2020-01-02,600519,1144.7049983409074,1146.734617132292,1162.0176466314178,1132.5272855925998,14809916.0,0
2020-01-03,600519,1133.542094988292,1094.5328218178802,1133.542094988292,1092.8482382210311,13031878.0,0
2020-01-06,600519,1086.7187894710496,1093.9543804623356,1109.0851885521079,1083.106068022385,6341478.0,0
2020-01-07,600519,1093.4571238584465,1110.739327867086,1115.2755258658308,1092.340833523185,4785359.0,0
2020-01-08,600519,1101.1189347959232,1104.2546958286125,1111.7236929809078,1098.6123555885633,2500825.0,0
2020-01-09,600519,1110.2014788873694,1119.0303206298925,1121.7601579043046,1106.1422413046002,3740587.0000000005,0
2020-01-10,600519,1125.4236198227538,1128.9754527076766,1132.517137498643,1118.8273587507538,3597587.0000000005,0
2020-01-13,600519,1128.9754527076766,1140.919759294975,1145.9227696157382,1128.4680480098307,3851575.0,0
2020-01-14,600519,1140.8487226372768,1123.7999247896462,1141.5489411203043,1119.3347634486,3514465.0,0
2020-01-15,600519,1125.4337679167106,1128.5999732312707,1138.2102182084766,1121.3643822399845,2602911.0,0
2020-01-16,600519,1135.4397885582366,1123.394001031369,1135.4397885582366,1118.9085435024092,2319165.0,0
2020-01-17,600519,1126.4384292184461,1123.9014057292154,1129.2595993384705,1117.3152927511721,2347275.0,0
2020-01-20,600519,1128.3259746944336,1107.1570507002925,1128.3259746944336,1098.0237661390618,3539130.0000000005,0
2020-01-21,600519,1097.0089567433695,1091.2245431879235,1103.0978131175234,1088.1801150008464,3287405.0000000005,0
2020-01-22,600519,1085.8460533907544,1091.437653161019,1100.0533849304463,1071.009540025733,3620004.0,0
2020-01-23,600519,1091.934909764908,1068.3913317848467,1091.934909764908,1052.3573433329086,5346843.0,0
2020-02-03,600519,999.5872547569093,1018.7874485234075,1025.6475600382873,994.5132077784477,12344288.0,0
2020-02-04,600519,1030.0315366276782,1053.382300822558,1072.6535312467545,1025.9824471388658,6262418.0,0
2020-02-05,600519,1065.5498654769083,1065.5397173829515,1069.6091030596776,1048.32855003201,4741824.0,0
2020-02-06,600519,1075.1195180782868,1086.8608627864467,1090.9201003692158,1067.5997804562069,4717121.0,0
2020-02-07,600519,1085.8562014847112,1091.934909764908,1092.9497191606004,1076.7330650174374,3127871.0,0
2020-02-10,600519,1077.727578225216,1082.2840724118744,1090.5141766109389,1072.856493125893,3053342.0,0
2020-02-11,600519,1078.7423876209082,1114.2607164701385,1115.9655962549016,1078.5394257417697,4791793.0,0
2020-02-12,600519,1105.1274319089077,1113.519905611283,1115.0624158927353,1101.961226594348,2812543.0,0
2020-02-13,600519,1114.2607164701385,1107.1570507002925,1130.3860377676892,1104.1227706071725,3035736.0,0
2020-02-14,600519,1106.5989055326618,1104.1126225132155,1109.70422228348,1099.15020456828,2328760.0,0
2020-02-17,600519,1098.531170836908,1110.0188131961447,1112.4239114639354,1098.429689897339,2702822.0,0
2020-02-18,600519,1106.152389398557,1100.0533849304463,1113.1241299469632,1099.038575534754,2666496.0,0
2020-02-19,600519,1101.0681943261386,1112.7385023766,1117.8125493550615,1093.9645285562926,3705147.0,0
2020-02-20,600519,1112.9414642557385,1134.5569043839844,1140.645760758138,1111.6323601352956,4680262.0,0
2020-02-21,600519,1127.9200509361567,1129.36108027804,1140.1789484361198,1126.448577312403,2894008.0,0
2020-02-24,600519,1121.8717869378306,1103.2804788087478,1126.4384292184461,1101.5755990239848,3865036.0,0
2020-02-25,600519,1093.9645285562926,1090.7272865840341,1098.115098984674,1083.6946574718868,3838562.0000000005,0
2020-02-26,600519,1077.727578225216,1089.6008481548158,1100.0533849304463,1070.62391245537,4356097.0,0
2020-02-27,600519,1091.934909764908,1103.4935887818433,1111.2061401891046,1091.934909764908,3449829.0,0
2020-02-28,600519,1086.1504962094618,1072.6535312467545,1098.0237661390618,1065.5194211950377,4994657.0,0
2020-03-02,600519,1065.6614945104345,1102.093151815788,1112.7892428463847,1065.5600135708653,4766304.0,0
2020-03-03,600519,1114.2607164701385,1129.482857405523,1135.4499366521936,1114.2607164701385,5025015.0,0
2020-03-04,600519,1141.6605701538303,1145.6386229849445,1155.8679016935225,1132.7708398475659,5379299.0,0
2020-03-05,600519,1153.1380644191104,1188.341802355676,1192.3908918444881,1147.3029103938795,6242645.0,0
2020-03-06,600519,1180.2233271901375,1172.6122567224454,1193.4158493341374,1169.0401276496084,3064100.0,0
2020-03-09,600519,1151.8086641107534,1130.507814895172,1151.8086641107534,1127.7678295268029,4340409.0,0
2020-03-10,600519,1129.482857405523,1173.1196614202915,1185.2973741685992,1129.482857405523,5806293.0,0
2020-03-11,600519,1172.6122567224454,1175.676981097436,1186.900773013793,1157.897520484907,3554757.0,0
2020-03-12,600519,1158.1207785519593,1155.3604969956764,1170.0752332332147,1141.7620510933996,3663063.0,0
2020-03-13,600519,1106.1422413046002,1128.4984922917013,1145.699511548686,1095.9941473476772,7588531.0,0
2020-03-16,600519,1120.3292766563784,1082.8016252036773,1124.358069957277,1077.727578225216,5123254.0,0
2020-03-17,600519,1070.62391245537,1060.577299438016,1093.9645285562926,1026.094076172392,7935912.0,0
2020-03-18,600519,1055.4017715199855,1022.9177227638752,1075.6979594338313,1022.9177227638752,7345988.0,0
2020-03-19,600519,1008.710391224183,1010.7501581095245,1030.0315366276782,974.3185008041712,10226507.0,0
2020-03-20,600519,1025.9722990449088,1050.6118711723177,1058.4461997070623,1025.9722990449088,6013919.0,0
2020-03-23,600519,1014.8093956922937,1034.0907742104473,1050.6118711723177,1006.203812016823,4847210.0,0
2020-03-24,600519,1058.4461997070623,1071.6387218510622,1074.561372910656,1050.327724541524,4665096.0,0
2020-03-25,600519,1104.0923263253017,1096.0956282872464,1107.5223820827416,1090.108252852662,3704866.0000000005,0
2020-03-26,600519,1089.2253686784095,1080.6908216606375,1107.360012579431,1077.727578225216,3004856.0,0
2020-03-27,600519,1101.0681943261386,1091.427505067062,1108.1718600959846,1090.9302484631726,3626112.0000000005,0
2020-03-30,600519,1075.9516617827544,1087.8756721821387,1092.9497191606004,1072.6535312467545,3068741.0,0
2020-03-31,600519,1098.0237661390618,1127.4532386141382,1131.5124761969075,1097.8208042599233,4798437.0,0
2020-04-01,600519,1133.542094988292,1119.3347634486,1145.7198077365995,1119.3347634486,3320535.0,0
2020-04-02,600519,1120.3495728442922,1161.9567580676762,1161.9567580676762,1120.2277957168094,4520561.0,0
2020-04-03,600519,1155.8983459753933,1156.6696011161193,1164.9605938789255,1148.7439397357628,2761761.0,0
2020-04-07,600519,1179.1577773246606,1177.1281585332763,1183.7751600750607,1165.9043666169193,4348800.0,0
2020-04-08,600519,1169.0604238375224,1176.9353447480946,1183.582346289879,1169.0604238375224,2422442.0,0
2020-04-09,600519,1183.2677553772144,1175.6566849095223,1186.3121835642912,1164.9605938789255,2281697.0,0
2020-04-10,600519,1175.027503084193,1182.2529459815223,1198.997301010445,1170.5826379310608,2780434.0,0
2020-04-13,600519,1182.2529459815223,1179.512960613153,1187.3066967720697,1165.5085909525992,1598147.0,0
